[
  {
    "_id": "68d5639410fcc2610e83bf8e",
    "empresa_id": "68d5639410fcc2610e83bf8c",
    "correo": "admin@domain.com",
    "nombre": "admin",
    "contrasena": "$2b$10$SDppqG.4uwbxDN8QBYgUx.Bc0gpZoNDMof9hPQ3Kr.QOrdePhEhka",
    "administrador": true,
    "createdAt": "2025-09-25T15:45:24.642Z",
    "updatedAt": "2025-09-25T15:45:24.642Z",
    "__v": 0
  },
  {
    "_id": "68d59758a915ffec08d91506",
    "empresa_id": "68d5639410fcc2610e83bf8c",
    "correo": "leo@auritas.com",
    "nombre": "Leonela",
    "contrasena": "$2b$10$TrMVlnelEyroI1PPzED4XOz0tT6FSJnqpmjRSFvQBPJaW1VtUhBLG",
    "administrador": false,
    "createdAt": "2025-09-25T19:26:16.839Z",
    "updatedAt": "2025-09-25T19:26:16.839Z",
    "__v": 0
  }
]