[
  {
    "_id": "68d5932717738a3e8a49128f",
    "usuario_id": "68d5639410fcc2610e83bf8e",
    "codigo": "04",
    "descripcion": "Ruc",
    "createdAt": "2025-09-25T19:08:23.190Z",
    "updatedAt": "2025-09-25T19:14:43.588Z",
    "__v": 0
  },
  {
    "_id": "68d5933417738a3e8a491291",
    "usuario_id": "68d5639410fcc2610e83bf8e",
    "codigo": "05",
    "descripcion": "Cédula",
    "createdAt": "2025-09-25T19:08:36.732Z",
    "updatedAt": "2025-09-25T19:14:47.963Z",
    "__v": 0
  },
  {
    "_id": "68d594b317738a3e8a491299",
    "usuario_id": "68d5639410fcc2610e83bf8e",
    "codigo": "06",
    "descripcion": "Pasaporte",
    "createdAt": "2025-09-25T19:14:59.988Z",
    "updatedAt": "2025-09-25T19:14:59.988Z",
    "__v": 0
  },
  {
    "_id": "68d594be17738a3e8a49129b",
    "usuario_id": "68d5639410fcc2610e83bf8e",
    "codigo": "07",
    "descripcion": "Consumidor final",
    "createdAt": "2025-09-25T19:15:10.067Z",
    "updatedAt": "2025-09-25T19:15:10.067Z",
    "__v": 0
  },
  {
    "_id": "68d594cc17738a3e8a49129d",
    "usuario_id": "68d5639410fcc2610e83bf8e",
    "codigo": "08",
    "descripcion": "Identificación del exterior",
    "createdAt": "2025-09-25T19:15:24.797Z",
    "updatedAt": "2025-09-25T19:15:24.797Z",
    "__v": 0
  }
]