[
  {
    "_id": "68d544684a8e0a84d3823417",
    "usuario_id": "68d5639410fcc2610e83bf8e",
    "codigo": "PAR500MG",
    "descripcion": "Analgésico y antipirético para dolor leve a moderado",
    "nombre": "Paracetamol 500mg",
    "nombre_comercial": "Tylenol",
    "presentacion": "Caja x 20 tabletas",
    "laboratorio": "Johnson & Johnson",
    "categoria": "Analgésicos",
    "estado": true,
    "controlado": "No",
    "codigo_barra": "7501234567890",
    "registro_sanitario": "INVIMA 2023M-0001234",
    "ubicacion": "Estante A1",
    "tipo_medicamento": "OTC",
    "precio_unitario": 0.45,
    "precio_caja": 9,
    "tiene_iva": true,
    "imagen": "http://localhost:3000/uploads/productos-1758846823719-786469177.png",
    "descripcion_adicional": "No exceder 4 gramos diarios. Consulte al médico si persisten los síntomas.",
    "updatedAt": "2025-09-26T00:33:43.725Z"
  },
  {
    "_id": "68d544684a8e0a84d3823418",
    "usuario_id": "507f1f77bcf86cd799439011",
    "codigo": "IBU400MG",
    "descripcion": "Antiinflamatorio no esteroideo para dolor e inflamación",
    "nombre": "Ibuprofeno 400mg",
    "nombre_comercial": "Advil",
    "presentacion": "Caja x 12 cápsulas",
    "laboratorio": "Pfizer",
    "categoria": "Antiinflamatorios",
    "estado": true,
    "controlado": "No",
    "codigo_barra": "7501234567891",
    "registro_sanitario": "INVIMA 2023M-0001235",
    "ubicacion": "Estante A2",
    "tipo_medicamento": "OTC",
    "precio_unitario": 0.65,
    "precio_caja": 7.8,
    "tiene_iva": true,
    "imagen": "ibuprofeno_400mg.jpg",
    "descripcion_adicional": "Tomar con alimentos. Contraindicado en úlcera péptica activa."
  },
  {
    "_id": "68d544684a8e0a84d3823419",
    "usuario_id": "507f1f77bcf86cd799439011",
    "codigo": "AMX500MG",
    "descripcion": "Antibiótico de amplio espectro para infecciones bacterianas",
    "nombre": "Amoxicilina 500mg",
    "nombre_comercial": "Amoxil",
    "presentacion": "Caja x 21 cápsulas",
    "laboratorio": "GlaxoSmithKline",
    "categoria": "Antibióticos",
    "estado": true,
    "controlado": "Si",
    "codigo_barra": "7501234567892",
    "registro_sanitario": "INVIMA 2023M-0001236",
    "ubicacion": "Vitrina Controlados",
    "tipo_medicamento": "Prescripción",
    "precio_unitario": 0.85,
    "precio_caja": 17.85,
    "tiene_iva": false,
    "imagen": "amoxicilina_500mg.jpg",
    "descripcion_adicional": "Completar el tratamiento completo. No suspender aunque mejoren los síntomas."
  },
  {
    "_id": "68d544684a8e0a84d382341a",
    "usuario_id": "507f1f77bcf86cd799439011",
    "codigo": "OME20MG",
    "descripcion": "Inhibidor de bomba de protones para acidez y reflujo",
    "nombre": "Omeprazol 20mg",
    "nombre_comercial": "Prilosec",
    "presentacion": "Caja x 14 cápsulas",
    "laboratorio": "AstraZeneca",
    "categoria": "Antiácidos",
    "estado": true,
    "controlado": "No",
    "codigo_barra": "7501234567893",
    "registro_sanitario": "INVIMA 2023M-0001237",
    "ubicacion": "Estante B1",
    "tipo_medicamento": "OTC",
    "precio_unitario": 1.2,
    "precio_caja": 16.8,
    "tiene_iva": true,
    "imagen": "omeprazol_20mg.jpg",
    "descripcion_adicional": "Tomar en ayunas, 30 minutos antes del desayuno."
  },
  {
    "_id": "68d544684a8e0a84d382341b",
    "usuario_id": "507f1f77bcf86cd799439011",
    "codigo": "LOO10MG",
    "descripcion": "Antihistamínico para alergias y rinitis",
    "nombre": "Loratadina 10mg",
    "nombre_comercial": "Claritin",
    "presentacion": "Caja x 10 tabletas",
    "laboratorio": "Bayer",
    "categoria": "Antihistamínicos",
    "estado": true,
    "controlado": "No",
    "codigo_barra": "7501234567894",
    "registro_sanitario": "INVIMA 2023M-0001238",
    "ubicacion": "Estante C1",
    "tipo_medicamento": "OTC",
    "precio_unitario": 0.95,
    "precio_caja": 9.5,
    "tiene_iva": true,
    "imagen": "loratadina_10mg.jpg",
    "descripcion_adicional": "No causa somnolencia. Una tableta cada 24 horas."
  },
  {
    "_id": "68d544684a8e0a84d382341c",
    "usuario_id": "507f1f77bcf86cd799439011",
    "codigo": "AAS100MG",
    "descripcion": "Antiagregante plaquetario para prevención cardiovascular",
    "nombre": "Ácido Acetilsalicílico 100mg",
    "nombre_comercial": "Aspirina Protect",
    "presentacion": "Caja x 30 tabletas",
    "laboratorio": "Bayer",
    "categoria": "Cardiovasculares",
    "estado": true,
    "controlado": "No",
    "codigo_barra": "7501234567895",
    "registro_sanitario": "INVIMA 2023M-0001239",
    "ubicacion": "Estante D1",
    "tipo_medicamento": "OTC",
    "precio_unitario": 0.35,
    "precio_caja": 10.5,
    "tiene_iva": true,
    "imagen": "aspirina_100mg.jpg",
    "descripcion_adicional": "Para uso prolongado consulte al médico. Tomar con alimentos."
  },
  {
    "_id": "68d544684a8e0a84d382341d",
    "usuario_id": "507f1f77bcf86cd799439011",
    "codigo": "MET500MG",
    "descripcion": "Antidiabético oral para diabetes tipo 2",
    "nombre": "Metformina 500mg",
    "nombre_comercial": "Glucophage",
    "presentacion": "Caja x 60 tabletas",
    "laboratorio": "Merck",
    "categoria": "Antidiabéticos",
    "estado": true,
    "controlado": "Si",
    "codigo_barra": "7501234567896",
    "registro_sanitario": "INVIMA 2023M-0001240",
    "ubicacion": "Vitrina Controlados",
    "tipo_medicamento": "Prescripción",
    "precio_unitario": 0.25,
    "precio_caja": 15,
    "tiene_iva": false,
    "imagen": "metformina_500mg.jpg",
    "descripcion_adicional": "Tomar con las comidas. Control médico regular necesario."
  },
  {
    "_id": "68d544684a8e0a84d382341e",
    "usuario_id": "507f1f77bcf86cd799439011",
    "codigo": "SIM20MG",
    "descripcion": "Hipolipemiante para control del colesterol",
    "nombre": "Simvastatina 20mg",
    "nombre_comercial": "Zocor",
    "presentacion": "Caja x 30 tabletas",
    "laboratorio": "Merck",
    "categoria": "Hipolipemiantes",
    "estado": true,
    "controlado": "Si",
    "codigo_barra": "7501234567897",
    "registro_sanitario": "INVIMA 2023M-0001241",
    "ubicacion": "Vitrina Controlados",
    "tipo_medicamento": "Prescripción",
    "precio_unitario": 1.15,
    "precio_caja": 34.5,
    "tiene_iva": false,
    "imagen": "simvastatina_20mg.jpg",
    "descripcion_adicional": "Tomar por la noche. Evitar jugo de toronja durante el tratamiento."
  },
  {
    "_id": "68d544684a8e0a84d382341f",
    "usuario_id": "507f1f77bcf86cd799439011",
    "codigo": "DIM50MG",
    "descripcion": "Antihistamínico para mareos y vómitos",
    "nombre": "Dimenhidrinato 50mg",
    "nombre_comercial": "Dramamine",
    "presentacion": "Caja x 12 tabletas",
    "laboratorio": "Pfizer",
    "categoria": "Antieméticos",
    "estado": true,
    "controlado": "No",
    "codigo_barra": "7501234567898",
    "registro_sanitario": "INVIMA 2023M-0001242",
    "ubicacion": "Estante E1",
    "tipo_medicamento": "OTC",
    "precio_unitario": 0.75,
    "precio_caja": 9,
    "tiene_iva": true,
    "imagen": "dimenhidrinato_50mg.jpg",
    "descripcion_adicional": "Puede causar somnolencia. No manejar vehículos durante su uso."
  },
  {
    "_id": "68d544684a8e0a84d3823420",
    "usuario_id": "507f1f77bcf86cd799439011",
    "codigo": "VIT100ML",
    "descripcion": "Complejo vitamínico para adultos",
    "nombre": "Multivitamínico Adulto",
    "nombre_comercial": "Centrum",
    "presentacion": "Frasco x 100ml",
    "laboratorio": "Pfizer",
    "categoria": "Vitaminas",
    "estado": true,
    "controlado": "No",
    "codigo_barra": "7501234567899",
    "registro_sanitario": "INVIMA 2023M-0001243",
    "ubicacion": "Estante F1",
    "tipo_medicamento": "Suplemento",
    "precio_unitario": 0.12,
    "precio_caja": 12,
    "tiene_iva": true,
    "imagen": "multivitaminico_adulto.jpg",
    "descripcion_adicional": "Tomar 15ml diarios con el desayuno. Agitar antes de usar."
  }
]