{
  "total_documents": 21,
  "backup_type": "complete_json",
  "version": "1.0.0",
  "mongodb_version": "8.0.13",
  "timestamp": "2025-09-26T14:08:45.355Z",
  "database_name": "f-devel",
  "backup_created_at": "2025-09-26T14:08:45.553Z",
  "collections_summary": [
    {
      "name": "usuarios",
      "count": 2
    },
    {
      "name": "empresas",
      "count": 1
    },
    {
      "name": "cajas",
      "count": 0
    },
    {
      "name": "movimientos_caja",
      "count": 0
    },
    {
      "name": "clientes",
      "count": 1
    },
    {
      "name": "facturas",
      "count": 0
    },
    {
      "name": "factura_detalles",
      "count": 0
    },
    {
      "name": "factura_pagos",
      "count": 0
    },
    {
      "name": "factura_pdfs",
      "count": 0
    },
    {
      "name": "productos",
      "count": 10
    },
    {
      "name": "inventarios",
      "count": 1
    },
    {
      "name": "identificacion_tipos",
      "count": 5
    },
    {
      "name": "permisos",
      "count": 1
    },
    {
      "name": "cierre_cajas",
      "count": 0
    }
  ]
}